키워드,언론사,기사명,날짜,URL
쿠키뉴스,"포항시, 역대 최고 투자 유치",2021-09-07,http://www.kukinews.com/newsView/kuk202109060210,이강덕 포항시장 백신
프라임경제,[브리핑 경북] 백신·바이오헬스산업 활성화 업무협약 체결,2021-09-09,http://www.newsprime.co.kr/news/article.html?no=552408,이강덕 포항시장 백신
뉴스웨이,"포항시, 지난 5년간 신성장산업 기업투자 6조8천억 유치해",2021-09-08,http://www.newsway.co.kr/news/view?tp=1&ud=2021090717423417010,이강덕 포항시장 백신
일요신문,[포항시정] 기록적 폭우 지나간 태풍 피해현장에 자원봉사 물결 이어져 外,2021.08.26.,https://ilyo.co.kr/?ac=article_view&entry_id=410354,이강덕 포항시장 백신
일요신문,[포항시정] 태풍 ‘오마이스’ 피해 최소화 위한 사전대비 총력 外,2021.08.23.,https://ilyo.co.kr/?ac=article_view&entry_id=410042,이강덕 포항시장 백신
프라임경제,"[브리핑 경북] 이철우 도지사, 포항 죽장면 특별재난지역 조기선포 건의",2021.09.01.,http://www.newsprime.co.kr/news/article.html?no=551952,이강덕 포항시장 백신
경상매일신문,"포항시, 코로나 극복 유공자에 감사패",2021.08.26.,http://www.ksmnews.co.kr/default/index_view_page.php?idx=347573&part_idx=170,이강덕 포항시장 백신
중앙일보,"[경북의 심장] ""바이오·배터리 등 산업 생태계 다변화 통해 차별화된 경쟁력...",C2면 1단,https://www.joongang.co.kr/article/25001560,이강덕 포항시장 백신
뉴스웨이,"포항시, 코로나19 극복 유공자에 감사패 전달",2021.08.27.,http://www.newsway.co.kr/news/view?tp=1&ud=2021082717333989230,이강덕 포항시장 백신
일요신문,[포항시정] 2021 경상북도 전국드론축구대회 개최 外,2021.08.16.,https://ilyo.co.kr/?ac=article_view&entry_id=409468,이강덕 포항시장 백신
데일리벳,"대한수의사회, 이강덕 포항시장 만나 광견병·구제역 백신 확대개선 요청",2021.06.17.,http://www.dailyvet.co.kr/news/association/149096,이강덕 포항시장 백신
위키트리,포항시 75세 이상 어르신 백신접종 3개월간의 대장정 마무리,2021.06.29.,https://www.wikitree.co.kr/articles/664125,이강덕 포항시장 백신
경상매일신문,"이강덕 포항시장, 안전한 백신접종 시행 ‘역량 집중’",2021.03.11.,http://www.ksmnews.co.kr/default/index_view_page.php?idx=327208&part_idx=7,이강덕 포항시장 백신
경북일보,"이강덕 포항시장, 백신 접종현장 참관…""효과 극대화에 힘 모아야""",2021.02.28.,http://www.kyongbuk.co.kr/news/articleView.html?idxno=2069556,이강덕 포항시장 백신
뉴스핌,포항시 10일부터 예비군·민방위 대상자 얀센 백신 접종 시작,2021.06.10.,http://www.newspim.com/news/view/20210610000130,이강덕 포항시장 백신
경북신문,이강덕 포항시장 ˝차질없는 백신 접종 적극 당부˝,2021.02.25.,http://www.kbsm.net/default/index_view_page.php?idx=303562&part_idx=320,이강덕 포항시장 백신
위키트리,"이강덕 포항시장 AZ백신 접종 현장 참관, “안전·안심 접종” 당부",2021.02.26.,https://www.wikitree.co.kr/articles/623557,이강덕 포항시장 백신
위키트리,포항시 60세 이상 27일부터 백신 접종시작,2021.05.25.,https://www.wikitree.co.kr/articles/652106,이강덕 포항시장 백신
프레시안,이강덕 포항시장 ‘민생방역 안정화 대책’ 발표,2021.02.04.,https://www.pressian.com/pages/articles/2021020416574367069?utm_source=naver&utm_medium=search,이강덕 포항시장 백신
위키트리,"포항시, 포항권역 지방공무원 필기시험 대비 방역활동 강화",2021.06.03.,https://www.wikitree.co.kr/articles/655316,이강덕 포항시장 백신
위키트리,"제 목 : 포항시, 4월 1일부터 75세 이상 어르신 화이자 백신 접종 시작",2021.04.01.,https://www.wikitree.co.kr/articles/634738,이강덕 포항시장 백신
위키트리,포항시 75세 이상 코로나19 예방접종 예약 서두르세요,2021.05.27.,https://www.wikitree.co.kr/articles/652847,이강덕 포항시장 백신
브레이크뉴스,"포항시, 오늘부터 75세 이상 어르신 백신 접종 시작",2021.04.01.,http://www.breaknews.com/796593,이강덕 포항시장 백신
브레이크뉴스,화이자 백신 4천여 명 분 24일 포항 도착…4월 1일부터 75세 이상 어르신 접종,2021.03.25.,http://www.breaknews.com/794790,이강덕 포항시장 백신
경북일보,"[영상]포항시, 75세 이상 어르신 화이자 백신 접종 시작",2021.04.02.,http://www.kyongbuk.co.kr/news/articleView.html?idxno=2073208,이강덕 포항시장 백신
대구신문,"포항, 백신 예방접종 모의훈련",2021.03.21.,http://www.idaegu.co.kr/news/articleView.html?idxno=341111,이강덕 포항시장 백신
세계일보,"포항, 코로나19 백신 접종 첫 모의훈련 실시",2021.03.19.,http://www.segye.com/content/html/2021/03/19/20210319509898.html?OutUrl=naver,이강덕 포항시장 백신
열린뉴스통신,화이자 백신 4천여 명 분 포항 도착…75세 이상 어르신 접종에 사용,2021.03.25.,http://www.onews.tv/news/articleView.html?idxno=63489,이강덕 포항시장 백신
경북일보,화이자 백신 4000여명 분 포항 도착…75세 이상 접종,2021.03.24.,http://www.kyongbuk.co.kr/news/articleView.html?idxno=2072355,이강덕 포항시장 백신
위키트리,"포항시, AZ백신 3천4백여 명 1차 접종, 대상자 중 92.8% 동의",2021.02.25.,https://www.wikitree.co.kr/articles/623133,이강덕 포항시장 백신
위키트리,"포항시, 현 사회적 거리두기 1.5단계 3주간 유지...5인 이상 사적 모임 금지 ...",2021.04.30.,https://www.wikitree.co.kr/articles/644398,이강덕 포항시장 백신
노컷뉴스,"포항시, AZ백신 대상자 3400여 명 1차 접종 시작",2021.03.01.,https://www.nocutnews.co.kr/news/5508080,이강덕 포항시장 백신
브레이크뉴스,"포항시, 코로나19 백신 도착...26일부터 1차 접종 시작",2021.02.25.,http://www.breaknews.com/788572,이강덕 포항시장 백신
위키트리,"포항시, ‘코로나19 일일확진자 현황’ 재난안전문자 재개",2021.04.09.,https://www.wikitree.co.kr/articles/637358,이강덕 포항시장 백신
위키트리,"포항시, 재난안전문자 송출 대폭 줄인다",2021.04.03.,https://www.wikitree.co.kr/articles/635214,이강덕 포항시장 백신
국제뉴스,"이강덕 포항시장, 고3생 및 교직원 코로나19 백신 안전 접종을 위한 현장 점검",2021.07.19.,http://www.gukjenews.com/news/articleView.html?idxno=2269976,이강덕 포항시장 백신
포항MBC,"1일 포항시 ""포스트 코로나…민생경제 회복""",2021.01.02.,http://www.phmbc.co.kr/www/news/desk_news?idx=173363&mode=view,이강덕 포항시장 백신
일요신문,[포항시정] 철도공사 방문 이강덕 시장 ‘포항~수서 KTX 유치’ 요청 外,2021.07.15.,https://ilyo.co.kr/?ac=article_view&entry_id=406992,이강덕 포항시장 백신
프라임경제,[브리핑 경북] 이강덕 포항시장 '포항~수서 KTX 유치' 총력,2021.07.15.,http://www.newsprime.co.kr/news/article.html?no=548835,이강덕 포항시장 백신
국제뉴스,포항시도 60~74세 코로나 백신 동네 병·의원서 접종 가능,2021.08.06.,http://www.gukjenews.com/news/articleView.html?idxno=2282344,이강덕 포항시장 백신
브레이크뉴스,"이강덕 포항시장, 민선7기 3주년 “더 큰 포항 향한 새로운 도약”",2021.06.30.,http://www.breaknews.com/817438,이강덕 포항시장 백신
뉴스1,이강덕 시장 백신접종 긴장하지 마세요,2021.07.19.,https://www.news1.kr/photos/view/?4879119,이강덕 포항시장 백신
위키트리,"이강덕 포항시장 민선7기 3주년, 민생현장 행보부터‘시민 곁으로 가까이’",2021.07.01.,https://www.wikitree.co.kr/articles/664885,이강덕 포항시장 백신
잡포스트,"이강덕 포항시장, 민선7기 3주년 ""더 큰 포항 향한 새로운 도약""",2021.07.01.,http://www.job-post.co.kr/news/articleView.html?idxno=26955,이강덕 포항시장 백신
브레이크뉴스,"이강덕 포항시장, 해수욕장 개장 전 현장 점검 실시",2021.07.07.,http://www.breaknews.com/819079,이강덕 포항시장 백신
쿠키뉴스,포항 18~49세 백신 접종 시작된다,2021.08.05.,http://www.kukinews.com/newsView/kuk202108050112,이강덕 포항시장 백신
브레이크뉴스,"이강덕 포항시장, 시민들 생활 속으로 찾아가는 민생 행보 시작",2021.07.01.,http://www.breaknews.com/817864,이강덕 포항시장 백신
뉴시스,"포항시, 7일부터 개편된 사회적거리두기 시행",2020.11.05.,http://www.newsis.com/view/?id=NISX20201105_0001223979&cID=10810&pID=10800,이강덕 포항시장 백신
일요신문,[포항시정] 사회적 거리두기 3단계 2주간 연장 外,2021.08.09.,https://ilyo.co.kr/?ac=article_view&entry_id=408915,이강덕 포항시장 백신
뉴스웨이,[동정] 이강덕 포항시장(7월 26일),2021.07.25.,http://www.newsway.co.kr/news/view?tp=1&ud=2021072518341631253,이강덕 포항시장 백신
서울경제,"[파워기초단체장에게 듣는다] 이강덕 포항시장 ""철강서 바이오까지···포항...",28면 TOP,https://www.sedaily.com/NewsView/22NPLSBKMW,이강덕 포항시장 백신
위키트리,"이강덕 포항시장, 경로당 방문해 코로나19에 지친 어르신들 격려",2021.06.11.,https://www.wikitree.co.kr/articles/657923,이강덕 포항시장 백신
뉴스핌,"태풍 '루핏' 북상...포항시, 비상근무 돌입",2021.08.08.,http://www.newspim.com/news/view/20210808000127,이강덕 포항시장 백신
경상매일신문,"<특집>포항시, 신성장산업 앵커기업 유치로 더 큰 지역발전 견인",2021.08.09.,http://www.ksmnews.co.kr/default/index_view_page.php?idx=345261&part_idx=243,이강덕 포항시장 백신
일요신문,"[포항시정] 포항공항, 진에어 취항 이후 이용객 60% 이상↑ 外",2021.08.02.,https://ilyo.co.kr/?ac=article_view&entry_id=408408,이강덕 포항시장 백신
대경일보,"이강덕 포항시장, 경로당 방문해 코로나19에 지친 어르신들 격려",2021.06.10.,http://www.dkilbo.com/news/articleView.html?idxno=335911,이강덕 포항시장 백신
일요신문,[포항시정] 코로나19 대응 관련 긴급종합 대책회의 개최 外,2021.08.05.,https://ilyo.co.kr/?ac=article_view&entry_id=408674,이강덕 포항시장 백신
일요신문,[포항시정] 75세 이상 어르신 81% 화이자백신 접종 마쳐 外,2021.06.29.,https://ilyo.co.kr/?ac=article_view&entry_id=405550,이강덕 포항시장 백신
국제뉴스,"포항시, 최근 5년간 투자유치 4조9천억 원 사상 최대 성과 지역경제 재도약 구...",2021.08.03.,http://www.gukjenews.com/news/articleView.html?idxno=2279903,이강덕 포항시장 백신
프레시안,"포항시, 75세 이상 어르신 백신접종 대상자 80.7% 접종 완료",2021.06.30.,https://www.pressian.com/pages/articles/2021062915380708511?utm_source=naver&utm_medium=search,이강덕 포항시장 백신
중도일보,포항의 '저력'… 5년간 4.9兆 투자유치 일궈냈다,2021.08.04.,http://www.joongdo.co.kr/web/view.php?key=20210803010000779,이강덕 포항시장 백신
브레이크뉴스,"포항시, 최근 5년 투자유치 4조9천억 원 최다 성과",2021.08.03.,http://www.breaknews.com/824831,이강덕 포항시장 백신
BBS NEWS,김부겸 총리 취임 후 첫 경북 방문...포항 죽도시장 코로나19 방역 점검,2021.07.21.,https://news.bbsi.co.kr/news/articleView.html?idxno=3039058,이강덕 포항시장 백신
프라임경제,"[브리핑 경북] 영덕군, 전통시장 화재 복구에 전 행정력 집중",2021-09-07,http://www.newsprime.co.kr/news/article.html?no=552259,이강덕 포항시장 백신
일요신문,[포항시정] 사회적 거리두기 2주 연장…코로나 확산세 차단 총력 外,2021.07.14.,https://ilyo.co.kr/?ac=article_view&entry_id=406927,이강덕 포항시장 백신
일요신문,[포항시정] GS건설과 영일만4일반산단 RE100 투자 MOU 체결 外,2021.07.19.,https://ilyo.co.kr/?ac=article_view&entry_id=407246,이강덕 포항시장 백신
일요신문,[포항시정] 50대 연령층 코로나19 예방접종 사전예약시작 外,2021.07.12.,https://ilyo.co.kr/?ac=article_view&entry_id=406706,이강덕 포항시장 백신
경북도민일보,김부겸 총리 취임 후 첫 포항行,2021.07.21.,http://www.hidomin.com/news/articleView.html?idxno=459202,이강덕 포항시장 백신
매일경제,"""포항, 국내 최대 배터리산단 안착…11개 기업서 2兆 유치""",A28면 1단,http://news.mk.co.kr/newsRead.php?no=680177&year=2021,이강덕 포항시장 백신
일요신문,"[포항시정] 경북도·포항시-포스코케미칼, 6000억 MOU 체결 外",2021.07.08.,https://ilyo.co.kr/?ac=article_view&entry_id=406417,이강덕 포항시장 백신
세계일보,포항 미래 먹거리는 ‘바이오·이차전지’,A12면 1단,http://www.segye.com/content/html/2021/07/18/20210718508325.html?OutUrl=naver,이강덕 포항시장 백신
대구신문,포항·경주 첨단산업시설 잇따라 들어선다,2021.07.21.,http://www.idaegu.co.kr/news/articleView.html?idxno=353262,이강덕 포항시장 백신
프레시안,호미곶 여행자센터 개소...포항 관광 새출발 다짐,2021.07.13.,https://www.pressian.com/pages/articles/2021071217061981975?utm_source=naver&utm_medium=search,이강덕 포항시장 백신
대경일보,"포항시, 호미곶에 여행자센터 개소",2021.07.12.,http://www.dkilbo.com/news/articleView.html?idxno=338637,이강덕 포항시장 백신
일요신문,[포항시정] 안전한 여름 위한 해수욕장 개장 전 현장방문 外,2021.07.08.,https://ilyo.co.kr/?ac=article_view&entry_id=406327,이강덕 포항시장 백신
일요신문,[포항시정] 구룡포 청소년수련원 캠핑장 개장 外,2021.07.06.,https://ilyo.co.kr/?ac=article_view&entry_id=406232,이강덕 포항시장 백신
쿠키뉴스,"포항시, 10일부터 얀센 백신 접종 '시작'",2021.06.09.,http://www.kukinews.com/newsView/kuk202106090192,이강덕 포항시장 백신
대구일보,16일부터 포항 6개 지정해수욕장서 야간 음주 및 취식 금지,2021.07.14.,http://www.idaegu.com/newsView/idg202107140023,이강덕 포항시장 백신
위키트리,"포항, 50대 7월 26일부터 모더나 접종",2021.07.06.,https://www.wikitree.co.kr/articles/666351,이강덕 포항시장 백신
경북일보,"이강덕 시장 ""포항 연구중심의과대학 유치 타당성 건의""",2021.04.14.,http://www.kyongbuk.co.kr/news/articleView.html?idxno=2074276,이강덕 포항시장 백신
일요신문,[포항시정] 코로나 백신 접종 향상 위한 긴급대책회의 진행 外,2021.05.27.,https://ilyo.co.kr/?ac=article_view&entry_id=402468,이강덕 포항시장 백신
경북신문,"베터리 충전하는 `철강의 도시` 포항, 이차전지·바이오·수소 핵심 사업 추진",2021.07.08.,http://www.kbsm.net/default/index_view_page.php?idx=317129&part_idx=332,이강덕 포항시장 백신
일요신문,[포항시정] 3분기 예방접종대상 확대 운영으로 집단면역 구축 外,2021.06.21.,https://ilyo.co.kr/?ac=article_view&entry_id=404766,이강덕 포항시장 백신
일요신문,[포항시정] “걷기 좋은 도시 포항” 맨발학교 포항지회 개소 外,2021.06.22.,https://ilyo.co.kr/?ac=article_view&entry_id=404861,이강덕 포항시장 백신
위키트리,"포항․경주․영천․경산, 7월 1일부터 사적모임 8인까지 허용",2021.06.30.,https://www.wikitree.co.kr/articles/664561,이강덕 포항시장 백신
쿠키뉴스,"[포항소식] 이강덕 시장, 도시재생 뉴딜사업 현장 '점검' 외",2021.03.26.,http://www.kukinews.com/newsView/kuk202103260217,이강덕 포항시장 백신
프라임경제,[프리핑 경북] 포항시 '스마트시티'로 더 큰 포항을 향한 새로운 도약,2021.07.01.,http://www.newsprime.co.kr/news/article.html?no=547904,이강덕 포항시장 백신
뉴스웨이,"이강덕 포항시장, 코로나19 극복 유공자에 감사패 전달",2021.04.05.,http://www.newsway.co.kr/news/view?tp=1&ud=2021040518024667760,이강덕 포항시장 백신
경북매일신문,"대한민국 산업화 이끈 포항, 3대 신성장 동력 장착 큰 걸음",2021.06.22.,http://www.kbmaeil.com/news/articleView.html?idxno=902193,이강덕 포항시장 백신
브레이크뉴스,"이강덕 포항시장, 코로나19 예방접종센터 설치 현장 점검 나서",2021.03.11.,http://www.breaknews.com/791473,이강덕 포항시장 백신
위키트리,포항시 3분기까지 전 시민 70% 이상 1차 접종 목표,2021.06.21.,https://www.wikitree.co.kr/articles/661046,이강덕 포항시장 백신
뉴스1,이강덕 시장 코로나19 백신 안심하세요,2021.04.08.,https://www.news1.kr/photos/view/?4709443,이강덕 포항시장 백신
일요신문,[포항시정] 바이오포항(BP) 포럼 출범…‘K-바이오 랩허브’ 유치 토론 外,2021.06.08.,https://ilyo.co.kr/?ac=article_view&entry_id=403593,이강덕 포항시장 백신
일요신문,[포항시정] 코로나19 확산 방지 지역전파 차단 방역 총력 外,2021.06.23.,https://ilyo.co.kr/?ac=article_view&entry_id=404987,이강덕 포항시장 백신
매일경제,포항 'K바이오 신약 개발 허브' 도전장,A37면 1단,http://news.mk.co.kr/newsRead.php?no=589252&year=2021,이강덕 포항시장 백신
뉴스1,"이강덕 시장, 화이자 백신 접종 안전이 중요",2021.04.01.,https://www.news1.kr/photos/view/?4696204,이강덕 포항시장 백신
프레시안,‘K-바이오 랩허브’ 포항 유치 위해 대구·경북이 공동 대응에 나선다,2021.06.10.,https://www.pressian.com/pages/articles/2021061014510996541?utm_source=naver&utm_medium=search,이강덕 포항시장 백신
국민일보,"그린바이오 산업 키우는 포항시, 9월 식물백신기업지원시설 착공",2019.05.16.,http://news.kmib.co.kr/article/view.asp?arcid=0924078577&code=11131421&cp=nv,이강덕 포항시장 백신
한국경제,‘K-바이오 랩허브’ 포항 유치 위해 대구-경북 공동협력TF 구성 합의,2021.06.11.,https://www.hankyung.com/society/article/202106117896h,이강덕 포항시장 백신
일요신문,"[포항시정] 이강덕 시장, 코로나19 예방접종센터 설치 현장 점검 外",2021.03.11.,https://ilyo.co.kr/?ac=article_view&entry_id=395175,이강덕 포항시장 백신
위키트리,"이강덕 포항시장, 안전한 여름 위한 해수욕장 개장 전 현장 방문",2021.07.07.,https://www.wikitree.co.kr/articles/666726,이강덕 포항시장 백신
쿠키뉴스,포항 18~49세 백신 접종 시작된다,2021.08.05.,http://www.kukinews.com/newsView/kuk202108050112,이강덕 포항시장 백신
브레이크뉴스,"이강덕 포항시장, 시민들 생활 속으로 찾아가는 민생 행보 시작",2021.07.01.,http://www.breaknews.com/817864,이강덕 포항시장 백신
국제뉴스,"이강덕 포항시장 민선7기 3주년, 민생현장 행보로 '시민 곁으로 더 가까이'",2021.07.01.,http://www.gukjenews.com/news/articleView.html?idxno=2257459,이강덕 포항시장 백신
경상매일신문,이강덕 시장 “더 큰 포항 향해 다시 도약”,2021.06.30.,http://www.ksmnews.co.kr/default/index_view_page.php?idx=340869&part_idx=7,이강덕 포항시장 백신
뉴시스,"포항시, 7일부터 개편된 사회적거리두기 시행",2020.11.05.,http://www.newsis.com/view/?id=NISX20201105_0001223979&cID=10810&pID=10800,이강덕 포항시장 백신
전국매일신문,"[민선7기 3주년] 이강덕 포항시장 ""더 큰 포항을 향한 새로운 도약 마련""",2021.07.01.,http://www.jeonmae.co.kr/news/articleView.html?idxno=845976,이강덕 포항시장 백신
일요신문,[포항시정] 사회적 거리두기 3단계 2주간 연장 外,2021.08.09.,https://ilyo.co.kr/?ac=article_view&entry_id=408915,이강덕 포항시장 백신
뉴스웨이,[동정] 이강덕 포항시장(7월 26일),2021.07.25.,http://www.newsway.co.kr/news/view?tp=1&ud=2021072518341631253,이강덕 포항시장 백신
서울경제,"[파워기초단체장에게 듣는다] 이강덕 포항시장 ""철강서 바이오까지···포항...",28면 TOP,https://www.sedaily.com/NewsView/22NPLSBKMW,이강덕 포항시장 백신
경북매일신문,"취임 3년 이강덕 시장 ""더 큰 포항 향해 도약하겠다""",2021.06.30.,http://www.kbmaeil.com/news/articleView.html?idxno=902923,이강덕 포항시장 백신
뉴데일리,"이강덕 포항시장, 안전한 여름 위한 해수욕장 개장 전 방문",2021.07.07.,http://tk.newdaily.co.kr/site/data/html/2021/07/07/2021070700216.html,이강덕 포항시장 백신
NSP통신,"이강덕 포항시장, 민선7기 3주년...어업현장 방문·청년 간담회 등 민생 행보",2021.07.01.,http://www.nspna.com/news/?mode=view&newsid=512104,이강덕 포항시장 백신
뉴시스,"포항시, 7일부터 개편된 사회적거리두기 시행",2020.11.05.,http://www.newsis.com/view/?id=NISX20201105_0001223979&cID=10810&pID=10800,이강덕 포항시장 백신
전국매일신문,"[민선7기 3주년] 이강덕 포항시장 ""더 큰 포항을 향한 새로운 도약 마련""",2021.07.01.,http://www.jeonmae.co.kr/news/articleView.html?idxno=845976,이강덕 포항시장 백신
일요신문,[포항시정] 사회적 거리두기 3단계 2주간 연장 外,2021.08.09.,https://ilyo.co.kr/?ac=article_view&entry_id=408915,이강덕 포항시장 백신
뉴스웨이,[동정] 이강덕 포항시장(7월 26일),2021.07.25.,http://www.newsway.co.kr/news/view?tp=1&ud=2021072518341631253,이강덕 포항시장 백신
서울경제,"[파워기초단체장에게 듣는다] 이강덕 포항시장 ""철강서 바이오까지···포항...",28면 TOP,https://www.sedaily.com/NewsView/22NPLSBKMW,이강덕 포항시장 백신
위키트리,"이강덕 포항시장, 경로당 방문해 코로나19에 지친 어르신들 격려",2021.06.11.,https://www.wikitree.co.kr/articles/657923,이강덕 포항시장 백신
뉴스핌,"태풍 '루핏' 북상...포항시, 비상근무 돌입",2021.08.08.,http://www.newspim.com/news/view/20210808000127,이강덕 포항시장 백신
신아일보,"이강덕 포항시장, “도약의 7년” 민선7기 3주년 기자회견",2021.06.30.,http://www.shinailbo.co.kr/news/articleView.html?idxno=1430224,이강덕 포항시장 백신
신아일보,"이강덕 포항시장, 영일대해수욕장 일원 방문",2021.07.07.,http://www.shinailbo.co.kr/news/articleView.html?idxno=1433284,이강덕 포항시장 백신
데일리한국,"이강덕 포항시장, 3주년 민생현장 행보부터 '시민 곁으로 가까이'",2021.07.01.,https://daily.hankooki.com/lpage/society/202107/dh20210701155012148520.htm?s_ref=nv,이강덕 포항시장 백신
일요신문,[포항시정] 사회적 거리두기 3단계 2주간 연장 外,2021.08.09.,https://ilyo.co.kr/?ac=article_view&entry_id=408915,이강덕 포항시장 백신
뉴스웨이,[동정] 이강덕 포항시장(7월 26일),2021.07.25.,http://www.newsway.co.kr/news/view?tp=1&ud=2021072518341631253,이강덕 포항시장 백신
서울경제,"[파워기초단체장에게 듣는다] 이강덕 포항시장 ""철강서 바이오까지···포항...",28면 TOP,https://www.sedaily.com/NewsView/22NPLSBKMW,이강덕 포항시장 백신
위키트리,"이강덕 포항시장, 경로당 방문해 코로나19에 지친 어르신들 격려",2021.06.11.,https://www.wikitree.co.kr/articles/657923,이강덕 포항시장 백신
뉴스핌,"태풍 '루핏' 북상...포항시, 비상근무 돌입",2021.08.08.,http://www.newspim.com/news/view/20210808000127,이강덕 포항시장 백신
경상매일신문,"<특집>포항시, 신성장산업 앵커기업 유치로 더 큰 지역발전 견인",2021.08.09.,http://www.ksmnews.co.kr/default/index_view_page.php?idx=345261&part_idx=243,이강덕 포항시장 백신
일요신문,"[포항시정] 포항공항, 진에어 취항 이후 이용객 60% 이상↑ 外",2021.08.02.,https://ilyo.co.kr/?ac=article_view&entry_id=408408,이강덕 포항시장 백신
위키트리,"이강덕 포항시장, 경로당 방문해 코로나19에 지친 어르신들 격려",2021.06.11.,https://www.wikitree.co.kr/articles/657923,이강덕 포항시장 백신
뉴스핌,"태풍 '루핏' 북상...포항시, 비상근무 돌입",2021.08.08.,http://www.newspim.com/news/view/20210808000127,이강덕 포항시장 백신
경상매일신문,"<특집>포항시, 신성장산업 앵커기업 유치로 더 큰 지역발전 견인",2021.08.09.,http://www.ksmnews.co.kr/default/index_view_page.php?idx=345261&part_idx=243,이강덕 포항시장 백신
일요신문,"[포항시정] 포항공항, 진에어 취항 이후 이용객 60% 이상↑ 外",2021.08.02.,https://ilyo.co.kr/?ac=article_view&entry_id=408408,이강덕 포항시장 백신
대경일보,"이강덕 포항시장, 경로당 방문해 코로나19에 지친 어르신들 격려",2021.06.10.,http://www.dkilbo.com/news/articleView.html?idxno=335911,이강덕 포항시장 백신
일요신문,[포항시정] 코로나19 대응 관련 긴급종합 대책회의 개최 外,2021.08.05.,https://ilyo.co.kr/?ac=article_view&entry_id=408674,이강덕 포항시장 백신
프레시안,"포항시, 성숙한 시민의식으로 코로나19 극복 동참",2021.08.09.,https://www.pressian.com/pages/articles/2021080915482694129?utm_source=naver&utm_medium=search,이강덕 포항시장 백신
일요신문,[포항시정] 75세 이상 어르신 81% 화이자백신 접종 마쳐 外,2021.06.29.,https://ilyo.co.kr/?ac=article_view&entry_id=405550,이강덕 포항시장 백신
국제뉴스,"포항시, 최근 5년간 투자유치 4조9천억 원 사상 최대 성과 지역경제 재도약 구...",2021.08.03.,http://www.gukjenews.com/news/articleView.html?idxno=2279903,이강덕 포항시장 백신
경북신문,이강덕 시장 ˝시민들의 목소리 시정 적극 반영하겠다˝,2021.07.01.,http://www.kbsm.net/default/index_view_page.php?idx=316395&part_idx=320,이강덕 포항시장 백신
프레시안,"포항시, 성숙한 시민의식으로 코로나19 극복 동참",2021.08.09.,https://www.pressian.com/pages/articles/2021080915482694129?utm_source=naver&utm_medium=search,이강덕 포항시장 백신
일요신문,[포항시정] 75세 이상 어르신 81% 화이자백신 접종 마쳐 外,2021.06.29.,https://ilyo.co.kr/?ac=article_view&entry_id=405550,이강덕 포항시장 백신
국제뉴스,"포항시, 최근 5년간 투자유치 4조9천억 원 사상 최대 성과 지역경제 재도약 구...",2021.08.03.,http://www.gukjenews.com/news/articleView.html?idxno=2279903,이강덕 포항시장 백신
경북신문,이강덕 시장 ˝시민들의 목소리 시정 적극 반영하겠다˝,2021.07.01.,http://www.kbsm.net/default/index_view_page.php?idx=316395&part_idx=320,이강덕 포항시장 백신
프레시안,"포항시, 75세 이상 어르신 백신접종 대상자 80.7% 접종 완료",2021.06.30.,https://www.pressian.com/pages/articles/2021062915380708511?utm_source=naver&utm_medium=search,이강덕 포항시장 백신
데일리한국,"포항시, 75세 이상 어르신 '81% 화이자 백신 접종' 마쳐",2021.06.29.,https://daily.hankooki.com/lpage/society/202106/dh20210629163516148520.htm?s_ref=nv,이강덕 포항시장 백신
중도일보,포항의 '저력'… 5년간 4.9兆 투자유치 일궈냈다,2021.08.04.,http://www.joongdo.co.kr/web/view.php?key=20210803010000779,이강덕 포항시장 백신
브레이크뉴스,"포항시, 최근 5년 투자유치 4조9천억 원 최다 성과",2021.08.03.,http://www.breaknews.com/824831,이강덕 포항시장 백신
BBS NEWS,김부겸 총리 취임 후 첫 경북 방문...포항 죽도시장 코로나19 방역 점검,2021.07.21.,https://news.bbsi.co.kr/news/articleView.html?idxno=3039058,이강덕 포항시장 백신
프라임경제,"[브리핑 경북] 영덕군, 전통시장 화재 복구에 전 행정력 집중",2021-09-07,http://www.newsprime.co.kr/news/article.html?no=552259,이강덕 포항시장 백신
경북신문,이강덕 시장 ˝시민들의 목소리 시정 적극 반영하겠다˝,2021.07.01.,http://www.kbsm.net/default/index_view_page.php?idx=316395&part_idx=320,이강덕 포항시장 백신
프레시안,"포항시, 75세 이상 어르신 백신접종 대상자 80.7% 접종 완료",2021.06.30.,https://www.pressian.com/pages/articles/2021062915380708511?utm_source=naver&utm_medium=search,이강덕 포항시장 백신
데일리한국,"포항시, 75세 이상 어르신 '81% 화이자 백신 접종' 마쳐",2021.06.29.,https://daily.hankooki.com/lpage/society/202106/dh20210629163516148520.htm?s_ref=nv,이강덕 포항시장 백신
중도일보,포항의 '저력'… 5년간 4.9兆 투자유치 일궈냈다,2021.08.04.,http://www.joongdo.co.kr/web/view.php?key=20210803010000779,이강덕 포항시장 백신
프레시안,5년 투자유치 4조9천억 최다...포항시 신성장 도시로 비상,2021.08.03.,https://www.pressian.com/pages/articles/2021080311543002746?utm_source=naver&utm_medium=search,이강덕 포항시장 백신
브레이크뉴스,"포항시, 최근 5년 투자유치 4조9천억 원 최다 성과",2021.08.03.,http://www.breaknews.com/824831,이강덕 포항시장 백신
BBS NEWS,김부겸 총리 취임 후 첫 경북 방문...포항 죽도시장 코로나19 방역 점검,2021.07.21.,https://news.bbsi.co.kr/news/articleView.html?idxno=3039058,이강덕 포항시장 백신
프라임경제,"[브리핑 경북] 영덕군, 전통시장 화재 복구에 전 행정력 집중",2021-09-07,http://www.newsprime.co.kr/news/article.html?no=552259,이강덕 포항시장 백신
일요신문,[포항시정] 사회적 거리두기 2주 연장…코로나 확산세 차단 총력 外,2021.07.14.,https://ilyo.co.kr/?ac=article_view&entry_id=406927,이강덕 포항시장 백신
일요신문,[포항시정] GS건설과 영일만4일반산단 RE100 투자 MOU 체결 外,2021.07.19.,https://ilyo.co.kr/?ac=article_view&entry_id=407246,이강덕 포항시장 백신
노컷뉴스,"포항시, 75세 이상 어르신 백신접종 3개월 대장정 마무리",2021.06.29.,https://www.nocutnews.co.kr/news/5579640,이강덕 포항시장 백신
프레시안,5년 투자유치 4조9천억 최다...포항시 신성장 도시로 비상,2021.08.03.,https://www.pressian.com/pages/articles/2021080311543002746?utm_source=naver&utm_medium=search,이강덕 포항시장 백신
브레이크뉴스,"포항시, 최근 5년 투자유치 4조9천억 원 최다 성과",2021.08.03.,http://www.breaknews.com/824831,이강덕 포항시장 백신
BBS NEWS,김부겸 총리 취임 후 첫 경북 방문...포항 죽도시장 코로나19 방역 점검,2021.07.21.,https://news.bbsi.co.kr/news/articleView.html?idxno=3039058,이강덕 포항시장 백신
프라임경제,"[브리핑 경북] 영덕군, 전통시장 화재 복구에 전 행정력 집중",2021-09-07,http://www.newsprime.co.kr/news/article.html?no=552259,이강덕 포항시장 백신
일요신문,[포항시정] 사회적 거리두기 2주 연장…코로나 확산세 차단 총력 外,2021.07.14.,https://ilyo.co.kr/?ac=article_view&entry_id=406927,이강덕 포항시장 백신
일요신문,[포항시정] GS건설과 영일만4일반산단 RE100 투자 MOU 체결 外,2021.07.19.,https://ilyo.co.kr/?ac=article_view&entry_id=407246,이강덕 포항시장 백신
일요신문,[포항시정] 50대 연령층 코로나19 예방접종 사전예약시작 外,2021.07.12.,https://ilyo.co.kr/?ac=article_view&entry_id=406706,이강덕 포항시장 백신
경북도민일보,김부겸 총리 취임 후 첫 포항行,2021.07.21.,http://www.hidomin.com/news/articleView.html?idxno=459202,이강덕 포항시장 백신
매일경제,"""포항, 국내 최대 배터리산단 안착…11개 기업서 2兆 유치""",A28면 1단,http://news.mk.co.kr/newsRead.php?no=680177&year=2021,이강덕 포항시장 백신
데일리한국,"포항시, 최근 5년 투자유치 4조9000억원…최대 성과로 지역경제 재도약",2021.08.03.,https://daily.hankooki.com/lpage/society/202108/dh20210803173411148520.htm?s_ref=nv,이강덕 포항시장 백신
쿠키뉴스,"포항시, 75세 이상 백신 접종 마쳐",2021.06.29.,http://www.kukinews.com/newsView/kuk202106290168,이강덕 포항시장 백신
BBS NEWS,김부겸 총리 취임 후 첫 경북 방문...포항 죽도시장 코로나19 방역 점검,2021.07.21.,https://news.bbsi.co.kr/news/articleView.html?idxno=3039058,이강덕 포항시장 백신
프라임경제,"[브리핑 경북] 영덕군, 전통시장 화재 복구에 전 행정력 집중",2021-09-07,http://www.newsprime.co.kr/news/article.html?no=552259,이강덕 포항시장 백신
일요신문,[포항시정] 사회적 거리두기 2주 연장…코로나 확산세 차단 총력 外,2021.07.14.,https://ilyo.co.kr/?ac=article_view&entry_id=406927,이강덕 포항시장 백신
일요신문,[포항시정] GS건설과 영일만4일반산단 RE100 투자 MOU 체결 外,2021.07.19.,https://ilyo.co.kr/?ac=article_view&entry_id=407246,이강덕 포항시장 백신
일요신문,[포항시정] 50대 연령층 코로나19 예방접종 사전예약시작 外,2021.07.12.,https://ilyo.co.kr/?ac=article_view&entry_id=406706,이강덕 포항시장 백신
경북도민일보,김부겸 총리 취임 후 첫 포항行,2021.07.21.,http://www.hidomin.com/news/articleView.html?idxno=459202,이강덕 포항시장 백신
매일경제,"""포항, 국내 최대 배터리산단 안착…11개 기업서 2兆 유치""",A28면 1단,http://news.mk.co.kr/newsRead.php?no=680177&year=2021,이강덕 포항시장 백신
일요신문,"[포항시정] 경북도·포항시-포스코케미칼, 6000억 MOU 체결 外",2021.07.08.,https://ilyo.co.kr/?ac=article_view&entry_id=406417,이강덕 포항시장 백신
프라임경제,"[브리핑 경북] 영덕군, 전통시장 화재 복구에 전 행정력 집중",2021-09-07,http://www.newsprime.co.kr/news/article.html?no=552259,이강덕 포항시장 백신
일요신문,[포항시정] 사회적 거리두기 2주 연장…코로나 확산세 차단 총력 外,2021.07.14.,https://ilyo.co.kr/?ac=article_view&entry_id=406927,이강덕 포항시장 백신
일요신문,[포항시정] GS건설과 영일만4일반산단 RE100 투자 MOU 체결 外,2021.07.19.,https://ilyo.co.kr/?ac=article_view&entry_id=407246,이강덕 포항시장 백신
일요신문,[포항시정] 50대 연령층 코로나19 예방접종 사전예약시작 外,2021.07.12.,https://ilyo.co.kr/?ac=article_view&entry_id=406706,이강덕 포항시장 백신
경북도민일보,김부겸 총리 취임 후 첫 포항行,2021.07.21.,http://www.hidomin.com/news/articleView.html?idxno=459202,이강덕 포항시장 백신
매일경제,"""포항, 국내 최대 배터리산단 안착…11개 기업서 2兆 유치""",A28면 1단,http://news.mk.co.kr/newsRead.php?no=680177&year=2021,이강덕 포항시장 백신
일요신문,"[포항시정] 경북도·포항시-포스코케미칼, 6000억 MOU 체결 外",2021.07.08.,https://ilyo.co.kr/?ac=article_view&entry_id=406417,이강덕 포항시장 백신
세계일보,포항 미래 먹거리는 ‘바이오·이차전지’,A12면 1단,http://www.segye.com/content/html/2021/07/18/20210718508325.html?OutUrl=naver,이강덕 포항시장 백신
위키트리,"김부겸 총리 취임 후 첫 경북 방문 ...포항 벤처밸리, 경주 혁신원전연구단지...",2021.07.21.,https://www.wikitree.co.kr/articles/671445,이강덕 포항시장 백신
대구신문,포항·경주 첨단산업시설 잇따라 들어선다,2021.07.21.,http://www.idaegu.co.kr/news/articleView.html?idxno=353262,이강덕 포항시장 백신
대구신문,포항·경주 첨단산업시설 잇따라 들어선다,2021.07.21.,http://www.idaegu.co.kr/news/articleView.html?idxno=353262,이강덕 포항시장 백신
프레시안,호미곶 여행자센터 개소...포항 관광 새출발 다짐,2021.07.13.,https://www.pressian.com/pages/articles/2021071217061981975?utm_source=naver&utm_medium=search,이강덕 포항시장 백신
프레시안,"[포토뉴스] 김부겸 국무총리, 포항 찾아 방역상황 점검",2021.07.21.,https://www.pressian.com/pages/articles/2021072114491955816?utm_source=naver&utm_medium=search,이강덕 포항시장 백신
대경일보,"포항시, 호미곶에 여행자센터 개소",2021.07.12.,http://www.dkilbo.com/news/articleView.html?idxno=338637,이강덕 포항시장 백신
일요신문,[포항시정] 안전한 여름 위한 해수욕장 개장 전 현장방문 外,2021.07.08.,https://ilyo.co.kr/?ac=article_view&entry_id=406327,이강덕 포항시장 백신
경북도민일보,"""고3 백신접종 무엇보다 안전에 초점""",2021.07.19.,http://www.hidomin.com/news/articleView.html?idxno=458933,이강덕 포항시장 백신
프라임경제,[브리핑 경북] 포항시 GS건설과 '영일만4 일반산단' RE100 투자 MOU 체결,2021.07.19.,http://www.newsprime.co.kr/news/article.html?no=549001,이강덕 포항시장 백신
뉴스핌,백신 예방접종센터 개소 준비 점검하는 이강덕 포항시장,2021.03.11.,http://www.newspim.com/news/view/20210311001126,이강덕 포항시장 백신
일요신문,[포항시정] 구룡포 청소년수련원 캠핑장 개장 外,2021.07.06.,https://ilyo.co.kr/?ac=article_view&entry_id=406232,이강덕 포항시장 백신
쿠키뉴스,"포항시, 10일부터 얀센 백신 접종 '시작'",2021.06.09.,http://www.kukinews.com/newsView/kuk202106090192,이강덕 포항시장 백신
포항MBC,김부겸 국무총리 포항 방문..현장 방역상황 점검,2021.07.21.,http://www.phmbc.co.kr/www/news/desk_news?idx=176255&mode=view,이강덕 포항시장 백신
경북도민일보,"""고3 백신접종 무엇보다 안전에 초점""",2021.07.19.,http://www.hidomin.com/news/articleView.html?idxno=458933,이강덕 포항시장 백신
프라임경제,[브리핑 경북] 포항시 GS건설과 '영일만4 일반산단' RE100 투자 MOU 체결,2021.07.19.,http://www.newsprime.co.kr/news/article.html?no=549001,이강덕 포항시장 백신
국제뉴스,"포항시, 호미곶 여행자센터 개소...포항 관광 새출발 다짐",2021.07.12.,http://www.gukjenews.com/news/articleView.html?idxno=2265058,이강덕 포항시장 백신
뉴스핌,백신 예방접종센터 개소 준비 점검하는 이강덕 포항시장,2021.03.11.,http://www.newspim.com/news/view/20210311001126,이강덕 포항시장 백신
일요신문,[포항시정] 구룡포 청소년수련원 캠핑장 개장 外,2021.07.06.,https://ilyo.co.kr/?ac=article_view&entry_id=406232,이강덕 포항시장 백신
쿠키뉴스,"포항시, 10일부터 얀센 백신 접종 '시작'",2021.06.09.,http://www.kukinews.com/newsView/kuk202106090192,이강덕 포항시장 백신
국제뉴스,"포항시, 안전한 여름을 위한 해수욕장 개장 전 현장 방문",2021.07.07.,http://www.gukjenews.com/news/articleView.html?idxno=2261530,이강덕 포항시장 백신
프레시안,“시민과 함께 더 큰 포항 향한 새로운 도약 출발”,2021.06.30.,https://www.pressian.com/pages/articles/2021063015123882455?utm_source=naver&utm_medium=search,이강덕 포항시장 백신
대구일보,16일부터 포항 6개 지정해수욕장서 야간 음주 및 취식 금지,2021.07.14.,http://www.idaegu.com/newsView/idg202107140023,이강덕 포항시장 백신
프레시안,"포항시, 9일 해수욕장 앞두고 방역대책 강화",2021.07.07.,https://www.pressian.com/pages/articles/2021070715275089625?utm_source=naver&utm_medium=search,이강덕 포항시장 백신
프레시안,“시민과 함께 더 큰 포항 향한 새로운 도약 출발”,2021.06.30.,https://www.pressian.com/pages/articles/2021063015123882455?utm_source=naver&utm_medium=search,이강덕 포항시장 백신
대구일보,16일부터 포항 6개 지정해수욕장서 야간 음주 및 취식 금지,2021.07.14.,http://www.idaegu.com/newsView/idg202107140023,이강덕 포항시장 백신
위키트리,"포항, 50대 7월 26일부터 모더나 접종",2021.07.06.,https://www.wikitree.co.kr/articles/666351,이강덕 포항시장 백신
경북일보,"이강덕 시장 ""포항 연구중심의과대학 유치 타당성 건의""",2021.04.14.,http://www.kyongbuk.co.kr/news/articleView.html?idxno=2074276,이강덕 포항시장 백신
일요신문,[포항시정] 코로나 백신 접종 향상 위한 긴급대책회의 진행 外,2021.05.27.,https://ilyo.co.kr/?ac=article_view&entry_id=402468,이강덕 포항시장 백신
경북신문,"베터리 충전하는 `철강의 도시` 포항, 이차전지·바이오·수소 핵심 사업 추진",2021.07.08.,http://www.kbsm.net/default/index_view_page.php?idx=317129&part_idx=332,이강덕 포항시장 백신
일요신문,[포항시정] 3분기 예방접종대상 확대 운영으로 집단면역 구축 外,2021.06.21.,https://ilyo.co.kr/?ac=article_view&entry_id=404766,이강덕 포항시장 백신
대경일보,"포항시, 고령층 집단면역 형성 '성큼'",2021.06.29.,http://www.dkilbo.com/news/articleView.html?idxno=337495,이강덕 포항시장 백신
일요신문,[포항시정] “걷기 좋은 도시 포항” 맨발학교 포항지회 개소 外,2021.06.22.,https://ilyo.co.kr/?ac=article_view&entry_id=404861,이강덕 포항시장 백신
일요신문,[포항시정] 코로나 백신 접종 향상 위한 긴급대책회의 진행 外,2021.05.27.,https://ilyo.co.kr/?ac=article_view&entry_id=402468,이강덕 포항시장 백신
헤럴드경제,개장앞둔 포항지역 해수욕장6곳 방역비상…방역관리 요원 추가 배치,2021.07.07.,http://news.heraldcorp.com/village/view.php?ud=202107071705114422469_10,이강덕 포항시장 백신
경북신문,"베터리 충전하는 `철강의 도시` 포항, 이차전지·바이오·수소 핵심 사업 추진",2021.07.08.,http://www.kbsm.net/default/index_view_page.php?idx=317129&part_idx=332,이강덕 포항시장 백신
일요신문,[포항시정] 3분기 예방접종대상 확대 운영으로 집단면역 구축 外,2021.06.21.,https://ilyo.co.kr/?ac=article_view&entry_id=404766,이강덕 포항시장 백신
경북신문,˝위대하고 성숙한 시민정신 덕분에 더 큰 포항 향한 새로운 도약 나선다˝,2021.06.30.,http://www.kbsm.net/default/index_view_page.php?idx=316267&part_idx=332,이강덕 포항시장 백신
대경일보,"포항시, 고령층 집단면역 형성 '성큼'",2021.06.29.,http://www.dkilbo.com/news/articleView.html?idxno=337495,이강덕 포항시장 백신
일요신문,[포항시정] “걷기 좋은 도시 포항” 맨발학교 포항지회 개소 外,2021.06.22.,https://ilyo.co.kr/?ac=article_view&entry_id=404861,이강덕 포항시장 백신
위키트리,"포항․경주․영천․경산, 7월 1일부터 사적모임 8인까지 허용",2021.06.30.,https://www.wikitree.co.kr/articles/664561,이강덕 포항시장 백신
쿠키뉴스,"[포항소식] 이강덕 시장, 도시재생 뉴딜사업 현장 '점검' 외",2021.03.26.,http://www.kukinews.com/newsView/kuk202103260217,이강덕 포항시장 백신
프라임경제,[프리핑 경북] 포항시 '스마트시티'로 더 큰 포항을 향한 새로운 도약,2021.07.01.,http://www.newsprime.co.kr/news/article.html?no=547904,이강덕 포항시장 백신
뉴스웨이,"이강덕 포항시장, 코로나19 극복 유공자에 감사패 전달",2021.04.05.,http://www.newsway.co.kr/news/view?tp=1&ud=2021040518024667760,이강덕 포항시장 백신
경북매일신문,"대한민국 산업화 이끈 포항, 3대 신성장 동력 장착 큰 걸음",2021.06.22.,http://www.kbmaeil.com/news/articleView.html?idxno=902193,이강덕 포항시장 백신
대경일보,"이강덕 포항시장 ""시민들이 안전하게 접종 받도록 최선""",2021.03.11.,http://www.dkilbo.com/news/articleView.html?idxno=327439,이강덕 포항시장 백신
브레이크뉴스,"이강덕 포항시장, 코로나19 예방접종센터 설치 현장 점검 나서",2021.03.11.,http://www.breaknews.com/791473,이강덕 포항시장 백신
위키트리,포항시 3분기까지 전 시민 70% 이상 1차 접종 목표,2021.06.21.,https://www.wikitree.co.kr/articles/661046,이강덕 포항시장 백신
뉴스1,이강덕 시장 코로나19 백신 안심하세요,2021.04.08.,https://www.news1.kr/photos/view/?4709443,이강덕 포항시장 백신
일요신문,[포항시정] 바이오포항(BP) 포럼 출범…‘K-바이오 랩허브’ 유치 토론 外,2021.06.08.,https://ilyo.co.kr/?ac=article_view&entry_id=403593,이강덕 포항시장 백신
일요신문,[포항시정] 코로나19 확산 방지 지역전파 차단 방역 총력 外,2021.06.23.,https://ilyo.co.kr/?ac=article_view&entry_id=404987,이강덕 포항시장 백신
매일경제,포항 'K바이오 신약 개발 허브' 도전장,A37면 1단,http://news.mk.co.kr/newsRead.php?no=589252&year=2021,이강덕 포항시장 백신
뉴스1,"이강덕 시장, 화이자 백신 접종 안전이 중요",2021.04.01.,https://www.news1.kr/photos/view/?4696204,이강덕 포항시장 백신
일요신문,[포항시정] 바이오포항(BP) 포럼 출범…‘K-바이오 랩허브’ 유치 토론 外,2021.06.08.,https://ilyo.co.kr/?ac=article_view&entry_id=403593,이강덕 포항시장 백신
일요신문,[포항시정] 코로나19 확산 방지 지역전파 차단 방역 총력 外,2021.06.23.,https://ilyo.co.kr/?ac=article_view&entry_id=404987,이강덕 포항시장 백신
매일경제,포항 'K바이오 신약 개발 허브' 도전장,A37면 1단,http://news.mk.co.kr/newsRead.php?no=589252&year=2021,이강덕 포항시장 백신
뉴스1,"이강덕 시장, 화이자 백신 접종 안전이 중요",2021.04.01.,https://www.news1.kr/photos/view/?4696204,이강덕 포항시장 백신
프레시안,‘K-바이오 랩허브’ 포항 유치 위해 대구·경북이 공동 대응에 나선다,2021.06.10.,https://www.pressian.com/pages/articles/2021061014510996541?utm_source=naver&utm_medium=search,이강덕 포항시장 백신
국민일보,"그린바이오 산업 키우는 포항시, 9월 식물백신기업지원시설 착공",2019.05.16.,http://news.kmib.co.kr/article/view.asp?arcid=0924078577&code=11131421&cp=nv,이강덕 포항시장 백신
한국경제,‘K-바이오 랩허브’ 포항 유치 위해 대구-경북 공동협력TF 구성 합의,2021.06.11.,https://www.hankyung.com/society/article/202106117896h,이강덕 포항시장 백신
일요신문,"[포항시정] 이강덕 시장, 코로나19 예방접종센터 설치 현장 점검 外",2021.03.11.,https://ilyo.co.kr/?ac=article_view&entry_id=395175,이강덕 포항시장 백신
NSP통신,"이강덕 포항시장, 코로나19 예방접종센터 설치 현장 점검",2021.03.11.,http://www.nspna.com/news/?mode=view&newsid=488456,이강덕 포항시장 백신
경북매일신문,'포항 손 들자 대구도… 경쟁력 까먹는 집안싸움' 안 한다,2021.06.10.,http://www.kbmaeil.com/news/articleView.html?idxno=901227,이강덕 포항시장 백신
NSP통신,"이강덕 포항시장, 코로나19 예방접종센터 설치 현장 점검",2021.03.11.,http://www.nspna.com/news/?mode=view&newsid=488456,이강덕 포항시장 백신
더팩트,'K-바이오 랩허브' 포항유치에 대구-경북 뭉쳤다,2021.06.10.,http://news.tf.co.kr/read/national/1867381.htm,이강덕 포항시장 백신
경북매일신문,'포항 손 들자 대구도… 경쟁력 까먹는 집안싸움' 안 한다,2021.06.10.,http://www.kbmaeil.com/news/articleView.html?idxno=901227,이강덕 포항시장 백신
프레시안,"포항시, 작지만 풍성한 단오절 민속축제",2021.06.14.,https://www.pressian.com/pages/articles/2021061320143861798?utm_source=naver&utm_medium=search,이강덕 포항시장 백신
위키트리,‘포항 단오절 민속축제’ 만남의 갈증을 풀다,2021.06.13.,https://www.wikitree.co.kr/articles/658427,이강덕 포항시장 백신
아주경제,"포항시, 포항의료원과 ‘재가 의료급여 시범사업 등’ 업무협약 체결",2021.06.09.,http://www.ajunews.com/view/20210609165058460,이강덕 포항시장 백신
내외뉴스통신,"경북도-포항시, 내연산 치유의 숲 준공",2021.06.05.,http://www.nbnnews.co.kr/news/articleView.html?idxno=508140,이강덕 포항시장 백신
위키트리,"이강덕 포항시장, 성숙한 시민정신으로 코로나19 선제적 차단 협조에 감사",2021.02.04.,https://www.wikitree.co.kr/articles/616947,이강덕 포항시장 백신
경북신문,"포항시, 우수한 R&D 인프라 기반 `新 성장산업` 기업 유치 나선다",2021.05.31.,http://www.kbsm.net/default/index_view_page.php?idx=313086&part_idx=332,이강덕 포항시장 백신
경북매일신문,'K-바이오 랩허브' 최적지 포항,2021.05.23.,http://www.kbmaeil.com/news/articleView.html?idxno=876959,이강덕 포항시장 백신
경북도민일보,'포항 단오절 민속축제' 규모 줄었지만 알찼다,2021.06.13.,http://www.hidomin.com/news/articleView.html?idxno=455624,이강덕 포항시장 백신
아시아투데이,"이강덕 포항시장, 포항체육관 예방접종센터 설치 현장 점검",2021.03.11.,https://www.asiatoday.co.kr/view.php?key=20210311010007517,이강덕 포항시장 백신
아시아투데이,'K-바이오 랩허브 포항유치' 경북·대구 의기투합,2021.06.10.,https://www.asiatoday.co.kr/view.php?key=20210610010006601,이강덕 포항시장 백신
대구신문,"""이건희 미술관은 대구…K-바이오랩은 포항에""",2021.06.10.,http://www.idaegu.co.kr/news/articleView.html?idxno=349239,이강덕 포항시장 백신
아주경제,"포항시, 포항의료원과 ‘재가 의료급여 시범사업 등’ 업무협약 체결",2021.06.09.,http://www.ajunews.com/view/20210609165058460,이강덕 포항시장 백신
내외뉴스통신,"경북도-포항시, 내연산 치유의 숲 준공",2021.06.05.,http://www.nbnnews.co.kr/news/articleView.html?idxno=508140,이강덕 포항시장 백신
위키트리,"이강덕 포항시장, 성숙한 시민정신으로 코로나19 선제적 차단 협조에 감사",2021.02.04.,https://www.wikitree.co.kr/articles/616947,이강덕 포항시장 백신
경북신문,"포항시, 우수한 R&D 인프라 기반 `新 성장산업` 기업 유치 나선다",2021.05.31.,http://www.kbsm.net/default/index_view_page.php?idx=313086&part_idx=332,이강덕 포항시장 백신
경북매일신문,'K-바이오 랩허브' 최적지 포항,2021.05.23.,http://www.kbmaeil.com/news/articleView.html?idxno=876959,이강덕 포항시장 백신
일요신문,[포항시정] 화이자 백신 4000여 명분 도착…75세 이상 어르신 접종 外,2021.03.24.,https://ilyo.co.kr/?ac=article_view&entry_id=396410,이강덕 포항시장 백신
뉴스웨이,"포항시, ‘제25회 단오절 민속축제’ 성료",2021.06.13.,http://www.newsway.co.kr/news/view?tp=1&ud=2021061313321560925,이강덕 포항시장 백신
내외뉴스통신,"경북도-포항시, 내연산 치유의 숲 준공",2021.06.05.,http://www.nbnnews.co.kr/news/articleView.html?idxno=508140,이강덕 포항시장 백신
위키트리,"이강덕 포항시장, 성숙한 시민정신으로 코로나19 선제적 차단 협조에 감사",2021.02.04.,https://www.wikitree.co.kr/articles/616947,이강덕 포항시장 백신
경북신문,"포항시, 우수한 R&D 인프라 기반 `新 성장산업` 기업 유치 나선다",2021.05.31.,http://www.kbsm.net/default/index_view_page.php?idx=313086&part_idx=332,이강덕 포항시장 백신
뉴스1,이강덕 시장 화이자백신 접종센터 점검,2021.03.11.,https://www.news1.kr/photos/view/?4662007,이강덕 포항시장 백신
경북매일신문,'K-바이오 랩허브' 최적지 포항,2021.05.23.,http://www.kbmaeil.com/news/articleView.html?idxno=876959,이강덕 포항시장 백신
일요신문,[포항시정] 화이자 백신 4000여 명분 도착…75세 이상 어르신 접종 外,2021.03.24.,https://ilyo.co.kr/?ac=article_view&entry_id=396410,이강덕 포항시장 백신
투어코리아뉴스,경북 포항 '내연산 치유의 숲' 준공..산림치유·힐링명소 기대,2021.06.03.,http://www.tournews21.com/news/articleView.html?idxno=47179,이강덕 포항시장 백신
노컷뉴스,"포항시, 코로나19 화이자 백신 경북 첫 접종 시작",2021.04.01.,https://www.nocutnews.co.kr/news/5527361,이강덕 포항시장 백신
쿠키뉴스,[포항소식] '재가 의료급여 시범사업' 선정 외,2021.05.25.,http://www.kukinews.com/newsView/kuk202105250185,이강덕 포항시장 백신
쿠키뉴스,[포항소식] '재가 의료급여 시범사업' 선정 외,2021.05.25.,http://www.kukinews.com/newsView/kuk202105250185,이강덕 포항시장 백신
경북도민일보,"포항시 북구, 75세 이상 어르신 백신접종 '순항'",2021.04.08.,http://www.hidomin.com/news/articleView.html?idxno=449905,이강덕 포항시장 백신
내외뉴스통신,"이강덕 포항시장 접종 현장 참관 ""안전·안심 접종"" 당부",2021.03.01.,http://www.nbnnews.co.kr/news/articleView.html?idxno=472982,이강덕 포항시장 백신
일요신문,[포항시정] 코로나19 백신 예방접종 모의훈련 실시 外,2021.03.18.,https://ilyo.co.kr/?ac=article_view&entry_id=395835,이강덕 포항시장 백신
국민일보,"[이제는 지방시대] 포항, 첨단 바이오 연구장비·기반 탄탄… “랩센트럴 최적...",17면 TOP,http://news.kmib.co.kr/article/view.asp?arcid=0924191867&code=11131421&cp=nv,이강덕 포항시장 백신
더팩트,포항 북구 예방접종센터 화이자 백신 4.000여명분,2021.04.05.,http://news.tf.co.kr/read/national/1852335.htm,이강덕 포항시장 백신
일요신문,[포항시정] 어버이날 맞아 일본군 위안부 피해 할머니 위로 방문 外,2021.05.06.,https://ilyo.co.kr/?ac=article_view&entry_id=400533,이강덕 포항시장 백신
KBS,‘K-바이오 랩허브’ 유치전…대구·포항 가세,2021.05.21.,https://news.kbs.co.kr/news/view.do?ncd=5191316&ref=A,이강덕 포항시장 백신
대구일보,"포항시, ‘K-바이오 랩센트럴’ 유치 속도전",2021.05.16.,http://www.idaegu.com/newsView/idg202105160017,이강덕 포항시장 백신
뉴데일리,"포항시, 1일부터 75세 이상 어르신 화이자 백신 접종 시작",2021.04.01.,http://tk.newdaily.co.kr/site/data/html/2021/04/01/2021040100329.html,이강덕 포항시장 백신
